company_id,pros,cons,total_pros,total_cons
HDFCBANK,"Company is expected to give good quarter
Company has delivered good profit growth of 23.4% CAGR over last 5 years
Company has been maintaining a healthy dividend payout of 22.9%
Company's median sales growth is 16.4% of last 10 years","Stock is trading at 2.76 times its book value
Company has low interest coverage ratio.
Contingent liabilities of Rs.24,09,821 Cr.
Earnings include an other income of Rs.1,55,870 Cr.",4,4
INFY,"Company has a good return on equity (ROE) track record: 3 Years ROE 30.9%
Company has been maintaining a healthy dividend payout of 63.3%","Stock is trading at 9.03 times its book value
Promoter holding is low: 14.4%",2,2
SBILIFE,"Company is almost debt free.
Company is expected to give good quarter","Stock is trading at 9.11 times its book value
Tax rate seems low
Company has a low return on equity of 12.9% over last 3 years.
Earnings include an other income of Rs.1,657 Cr.
Dividend payout has been low at 14.0% of profits over last 3 years",2,5
TCS,"Company is almost debt free.
Company has a good return on equity (ROE) track record: 3 Years ROE 47.4%
Company has been maintaining a healthy dividend payout of 66.2%","Stock is trading at 15.2 times its book value
The company has delivered a poor sales growth of 10.5% over past five years.",3,2
WIPRO,,"The company has delivered a poor sales growth of 8.75% over past five years.
Dividend payout has been low at 12.2% of profits over last 3 years",0,2
