company_id,revenue_cagr_3y,revenue_cagr_5y,revenue_cagr_10y,pat_cagr_3y,pat_cagr_5y,pat_cagr_10y,eps_cagr_3y,eps_cagr_5y,eps_cagr_10y
ABB,10.71,9.72,9.9,20.23,21.69,19.75,20.24,21.66,19.77
ADANIENSOL,18.72,17.85,,-2.49,16.43,,-3.13,14.87,
ADANIENT,34.6,19.02,5.78,47.18,45.81,2.34,51.83,31.95,3.42
ADANIGREEN,43.44,34.98,,90.59,,,91.29,,
ADANIPORTS,28.63,19.58,18.65,17.08,14.91,16.62,14.98,14.87,16.86
ADANIPOWER,24.29,16.09,12.63,154.07,,,162.07,,
AMBUJACEM,4.61,4.12,12.79,8.48,11.23,12.29,4.55,7.78,4.81
APOLLOHOSP,21.75,14.66,15.9,89.68,36.13,11.49,84.69,29.95,10.6
ASIANPAINT,17.8,13.03,11.25,20.12,20.28,15.97,19.98,20.97,15.93
ATGL,38.18,21.09,,13.0,23.88,,14.47,24.57,
AXISBANK,19.97,14.74,13.57,55.69,39.67,14.86,54.41,35.1,12.03
BAJAJ-AUTO,17.38,8.13,8.34,16.64,9.36,8.59,18.0,10.18,8.96
BAJAJFINSV,22.13,20.97,33.75,28.4,23.75,21.68,22.12,20.59,17.69
BAJAJHLDNG,55.01,31.61,14.94,26.32,19.3,13.99,25.8,18.97,13.82
BAJFINANCE,27.26,24.35,,48.42,29.32,,47.23,27.56,
BANKBARODA,16.79,17.48,11.33,126.68,74.51,14.12,128.94,55.18,4.58
BEL,12.83,10.75,12.01,23.8,16.13,15.39,18.56,10.76,17.46
BHARTIARTL,14.23,13.17,5.74,,38.36,10.98,,67.03,10.03
BHEL,11.34,-4.73,-4.92,,-22.4,-22.27,,-19.73,-20.57
BOSCHLTD,19.84,6.72,,72.87,9.28,,72.65,9.26,
BPCL,24.86,8.48,5.42,15.75,25.79,20.82,18.78,28.06,21.29
BRITANNIA,8.48,8.69,9.27,4.86,13.06,18.37,4.95,13.14,18.72
CANBK,16.3,18.18,10.82,73.34,85.78,19.14,61.98,53.42,5.45
CHOLAFIN,25.99,21.94,19.31,31.01,23.36,24.97,29.22,22.28,23.42
CIPLA,10.39,9.51,9.74,20.25,22.73,11.46,19.35,21.83,11.61
COALINDIA,16.49,7.4,7.26,43.29,16.43,9.48,42.68,16.85,9.78
DABUR,9.06,7.81,5.8,2.23,4.6,7.05,0.0,4.56,7.18
DIVISLAB,4.03,9.66,11.97,-6.92,3.41,7.55,-7.17,3.3,7.54
DLF,5.88,-5.14,-2.52,36.0,15.7,16.53,40.1,12.89,10.65
DMART,28.13,20.48,26.91,32.14,22.97,31.74,31.89,22.74,29.24
DRREDDY,13.72,12.64,7.64,41.91,23.39,11.01,42.82,23.84,11.28
EICHERMOT,23.78,11.04,6.59,43.75,12.68,19.01,43.9,12.51,20.3
GAIL,32.42,11.83,7.99,17.25,8.61,7.54,18.56,8.45,7.92
GODREJCP,8.52,6.45,6.37,,,,,,
GRASIM,19.68,11.15,16.54,12.42,29.31,12.89,10.5,27.73,6.81
HAL,9.91,8.71,7.22,32.85,26.49,10.92,33.42,26.64,15.07
HAVELLS,21.14,13.04,8.73,6.78,10.03,11.04,5.57,9.0,11.07
HCLTECH,13.4,12.71,13.08,12.04,9.19,9.18,12.26,9.41,9.69
HDFCBANK,30.19,21.95,20.89,27.12,23.87,22.26,13.14,15.42,16.65
HDFCLIFE,12.37,21.17,19.45,4.97,4.25,8.06,0.0,3.13,5.76
HEROMOTOCO,6.87,2.15,4.1,8.42,1.54,5.94,8.6,1.69,5.94
HINDALCO,17.83,10.59,9.43,42.86,13.07,16.55,41.16,13.4,15.13
HINDUNILVR,9.59,9.5,7.79,8.73,11.15,10.02,8.97,9.46,9.35
ICICIBANK,21.4,17.25,12.42,31.29,51.95,14.71,32.64,55.18,14.0
ICICIGI,18.99,12.91,16.76,9.22,12.84,13.95,6.82,11.14,12.51
ICICIPRULI,2.78,16.85,15.23,-3.8,-5.66,-5.89,-5.01,-5.59,-5.88
INDIGO,67.58,19.31,20.01,,120.69,32.93,,121.24,-34.88
INDUSINDBK,16.41,15.5,18.68,46.68,22.08,20.32,45.94,15.9,15.59
INFY,15.22,13.2,11.85,10.56,11.24,9.43,11.87,12.47,10.6
IOC,28.73,8.01,4.74,25.64,20.1,20.01,25.99,20.11,19.62
IRCTC,76.47,17.96,,81.12,29.17,,91.29,28.47,
IRFC,19.1,19.07,15.7,13.24,23.25,24.77,18.56,20.11,-31.15
ITC,12.89,7.95,7.22,15.74,10.08,8.71,13.3,9.86,8.62
JINDALSTEL,13.35,1.4,10.07,11.68,,12.1,17.23,,10.69
JIOFIN,,,,,,,,,
JSWENERGY,18.39,4.68,2.88,27.98,20.32,8.54,25.99,20.11,7.18
JSWSTEEL,29.9,15.6,13.07,4.46,3.59,36.42,2.94,2.38,33.51
KOTAKBANK,19.66,13.52,16.72,22.16,20.38,21.84,22.54,19.34,19.12
LICI,6.98,8.16,,139.62,73.18,,111.26,,
LODHA,23.71,-2.83,,218.72,-1.12,,151.98,-5.29,
LT,17.59,10.34,10.03,6.36,8.76,12.27,5.03,8.56,10.5
LTIM,42.13,30.33,21.86,33.25,24.78,16.5,11.77,12.24,-6.67
M&M,23.25,5.84,6.51,100.95,15.32,9.06,82.38,16.18,9.13
MARUTI,26.32,10.51,12.28,45.39,12.01,16.8,43.56,11.14,16.39
MOTHERSON,19.82,9.21,12.49,24.39,7.56,10.66,25.99,5.92,7.18
NAUKRI,31.0,17.12,16.16,-25.13,0.1,25.79,-26.32,-2.13,18.59
NESTLEIND,18.28,14.55,9.49,22.91,14.85,12.75,23.06,15.44,13.07
NHPC,-0.06,1.4,2.69,3.82,7.27,9.45,10.06,5.92,14.87
NTPC,16.97,12.22,8.59,12.53,8.74,6.46,11.87,8.45,5.76
ONGC,24.86,7.0,13.01,38.79,10.97,7.91,44.22,10.2,6.39
PFC,8.49,11.08,15.64,18.97,15.92,17.09,18.56,14.87,13.44
PIDILITIND,19.3,11.84,11.2,15.77,13.49,14.53,15.62,13.56,14.22
PNB,10.0,15.9,9.27,50.34,,9.56,58.74,,-8.76
POWERGRID,4.97,5.51,11.41,8.97,9.19,13.1,9.35,9.1,13.02
RECLTD,10.15,13.34,10.68,19.08,19.76,11.55,19.06,19.67,11.61
RELIANCE,24.46,9.61,7.57,13.71,14.68,13.36,9.35,11.95,12.29
SBILIFE,17.24,24.23,22.56,9.16,7.37,10.03,8.2,7.89,10.5
SBIN,16.45,11.63,8.79,42.79,83.41,16.73,44.22,90.37,14.72
SHREECEM,14.81,10.33,13.64,-9.49,11.29,8.21,-9.43,10.68,7.82
SHRIRAMFIN,27.83,18.56,15.68,43.59,23.49,18.48,29.4,14.29,13.49
SIEMENS,19.0,11.19,7.61,35.65,19.85,16.25,34.84,19.64,16.15
SUNPHARMA,13.13,10.78,11.67,61.72,24.54,9.5,49.38,29.46,10.31
TATACONSUM,9.44,15.96,6.99,9.32,21.6,9.07,10.06,14.87,5.54
TATAMOTORS,20.58,7.72,6.52,,,8.51,,,6.95
TATAPOWER,23.4,15.51,5.57,43.81,10.43,79.98,44.22,5.92,
TATASTEEL,13.61,7.77,4.43,,,,,,
TCS,13.63,10.46,11.4,12.29,7.87,9.08,13.01,8.62,9.99
TECHM,11.16,8.4,10.71,-18.04,-10.99,-2.42,-19.5,-11.42,-2.84
TITAN,33.14,20.9,16.68,53.11,20.27,16.88,52.48,19.51,17.16
TORNTPHARM,10.25,6.93,9.9,9.77,30.59,9.57,9.82,30.39,9.37
TRENT,68.36,36.31,18.16,,73.11,,,69.52,
TVSMOTOR,26.32,14.19,16.66,43.03,19.67,25.27,40.43,19.14,24.57
ULTRACEMCO,16.6,11.33,13.09,8.64,23.89,12.21,8.74,22.53,11.75
UNIONBANK,13.14,23.95,13.07,68.91,,23.39,65.1,,-3.97
UNITDSPR,11.66,3.92,0.75,57.26,15.53,,56.05,13.7,
VBL,35.49,25.74,22.46,80.57,47.61,,81.71,43.1,
VEDL,17.76,9.32,8.07,-20.55,-4.91,-4.07,-29.2,-10.35,-6.26
WIPRO,13.17,8.75,7.53,0.74,4.26,3.35,3.23,9.46,6.25
ZOMATO,82.47,55.96,,,,,,,
ZYDUSLIFE,10.71,8.22,10.47,22.06,15.91,16.87,21.86,16.12,16.86
