company_id,year,operating_activity,investing_activity,financing_activity,net_cash_flow,free_cash_flow,cashflow_quality,cashflow_status
VBL,2023,2391.0,-3288.0,985.0,88.0,-897.0,0.56,Positive
ABB,2024,1213.0,-416.0,-745.0,52.0,797.0,1.04,Positive
ADANIENSOL,2024,6038.0,-4943.0,-543.0,551.0,1095.0,1.1,Positive
ADANIENT,2024,10312.0,-18767.0,8879.0,424.0,-8455.0,0.37,Positive
ADANIGREEN,2024,7713.0,-21060.0,13953.0,606.0,-13347.0,0.22,Positive
ADANIPORTS,2024,15018.0,-6768.0,-7800.0,450.0,8250.0,1.03,Positive
ADANIPOWER,2024,14170.0,3481.0,-16864.0,787.0,17651.0,0.7,Positive
AMBUJACEM,2024,5646.0,-8941.0,5689.0,2394.0,-3295.0,0.39,Positive
APOLLOHOSP,2024,1920.0,-1537.0,-311.0,72.0,383.0,1.04,Positive
ASIANPAINT,2024,6104.0,-2548.0,-2982.0,573.0,3556.0,1.1,Positive
ATGL,2024,955.0,-752.0,-78.0,125.0,203.0,1.15,Positive
AXISBANK,2024,-5555.0,-9001.0,22341.0,7785.0,-14556.0,-0.18,Negative
BAJAJ-AUTO,2024,6558.0,-72.0,-6167.0,319.0,6486.0,1.05,Positive
BAJAJFINSV,2024,-68674.0,-10960.0,82709.0,3075.0,-79634.0,-0.73,Negative
BAJAJHLDNG,2024,1941.0,-472.0,-1455.0,14.0,1469.0,1.01,Positive
BAJFINANCE,2024,-72760.0,-7171.0,82415.0,2484.0,-79931.0,-0.81,Negative
BANKBARODA,2024,-6274.0,-1285.0,5476.0,-2084.0,-7559.0,-0.93,Negative
BEL,2024,4659.0,-5924.0,-1475.0,-2739.0,-1265.0,0.63,Positive
BHARTIARTL,2024,78898.0,-51089.0,-27778.0,31.0,27809.0,1.0,Positive
BHEL,2024,-3713.0,1331.0,2656.0,274.0,-2382.0,-0.93,Negative
BOSCHLTD,2024,1253.0,283.0,-1452.0,84.0,1536.0,0.72,Positive
BPCL,2024,35936.0,-10521.0,-25427.0,-12.0,25415.0,1.0,Positive
BRITANNIA,2024,2573.0,477.0,-2830.0,219.0,3050.0,0.78,Positive
CANBK,2024,15046.0,-1750.0,-3834.0,9462.0,13296.0,2.69,Positive
CHOLAFIN,2024,-35683.0,-2855.0,38471.0,-66.0,-38538.0,-0.86,Negative
CIPLA,2024,4134.0,-2982.0,-1200.0,-49.0,1152.0,0.99,Positive
COALINDIA,2024,18103.0,-4486.0,-13899.0,-282.0,13617.0,0.98,Positive
DABUR,2024,2013.0,-971.0,-1161.0,-119.0,1042.0,0.94,Positive
DIVISLAB,2024,1261.0,-269.0,-799.0,193.0,992.0,1.18,Positive
DLF,2024,2539.0,-1529.0,177.0,1186.0,1010.0,1.49,Positive
DMART,2024,2746.0,-2468.0,-148.0,130.0,278.0,1.05,Positive
DRREDDY,2024,4543.0,-4034.0,-376.0,133.0,509.0,1.03,Positive
EICHERMOT,2024,3724.0,-2834.0,-844.0,45.0,890.0,1.01,Positive
GAIL,2024,12586.0,-8226.0,-3457.0,902.0,4360.0,1.08,Positive
GODREJCP,2024,2070.0,-3435.0,1406.0,41.0,-1365.0,0.43,Positive
GRASIM,2024,-10719.0,-23114.0,33908.0,75.0,-33833.0,-0.19,Negative
HAL,2024,8226.0,-6412.0,-1999.0,-185.0,1814.0,0.98,Positive
HAVELLS,2024,1953.0,-1618.0,-534.0,-199.0,335.0,0.91,Positive
HCLTECH,2024,22448.0,-6608.0,-15464.0,376.0,15840.0,1.02,Positive
HDFCBANK,2024,19069.0,16600.0,-3983.0,31687.0,35669.0,0.93,Positive
HDFCLIFE,2024,10721.0,-13614.0,-403.0,-3296.0,-2893.0,0.76,Positive
HEROMOTOCO,2024,4923.0,-1828.0,-2717.0,379.0,3095.0,1.08,Positive
HINDALCO,2024,24056.0,-14267.0,-10817.0,-1028.0,9789.0,0.96,Positive
HINDUNILVR,2024,15469.0,-5324.0,-10034.0,111.0,10145.0,1.01,Positive
ICICIBANK,2024,157284.0,-144737.0,13765.0,26312.0,12547.0,0.99,Positive
ICICIGI,2024,2407.0,-1921.0,-355.0,131.0,486.0,1.06,Positive
ICICIPRULI,2024,-7315.0,7420.0,-88.0,17.0,105.0,-0.97,Negative
INDIGO,2024,21183.0,-11759.0,-9979.0,-555.0,9424.0,0.97,Positive
INDUSINDBK,2024,-16843.0,-625.0,-2242.0,-19710.0,-17468.0,-5.87,Negative
INFY,2024,25210.0,-5093.0,-17504.0,2613.0,20117.0,1.12,Positive
IOC,2024,71099.0,-31464.0,-39385.0,250.0,39635.0,1.0,Positive
IRCTC,2024,882.0,-215.0,-404.0,262.0,667.0,1.42,Positive
IRFC,2024,7914.0,-8.0,-8046.0,-140.0,7906.0,0.98,Positive
ITC,2024,17179.0,1563.0,-18551.0,191.0,18742.0,0.85,Positive
JINDALSTEL,2024,6008.0,-8344.0,1381.0,-955.0,-2336.0,0.62,Positive
JIOFIN,2024,-678.0,1441.0,-753.0,11.0,763.0,-0.31,Negative
JSWENERGY,2024,6234.0,-8197.0,1675.0,-289.0,-1963.0,0.63,Positive
JSWSTEEL,2024,12078.0,-14467.0,-5005.0,-7394.0,-2389.0,0.62,Positive
KOTAKBANK,2024,15685.0,-8919.0,15515.0,22281.0,6766.0,0.64,Positive
LICI,2024,26122.0,-25269.0,-4427.0,-3574.0,853.0,0.88,Positive
LODHA,2024,2512.0,-2947.0,951.0,516.0,-435.0,0.64,Positive
LT,2024,18266.0,2179.0,-25413.0,-4968.0,20445.0,0.66,Positive
LTIM,2024,5670.0,-3918.0,-2269.0,-518.0,1752.0,0.92,Positive
M&M,2024,-5630.0,-5615.0,12281.0,1037.0,-11245.0,-0.31,Negative
MARUTI,2024,16801.0,-11865.0,-4062.0,874.0,4936.0,1.05,Positive
MOTHERSON,2024,7569.0,-6644.0,1281.0,2205.0,925.0,0.96,Positive
NAUKRI,2024,702.0,-852.0,120.0,-29.0,-150.0,0.72,Positive
NESTLEIND,2024,4175.0,-1237.0,-3135.0,-198.0,2938.0,0.95,Positive
NHPC,2024,6938.0,-5968.0,-581.0,388.0,970.0,1.06,Positive
NTPC,2024,40785.0,-32141.0,-8246.0,398.0,8644.0,1.01,Positive
ONGC,2024,99263.0,-57203.0,-45650.0,-3591.0,42060.0,0.97,Positive
PFC,2024,-97820.0,-3409.0,101261.0,32.0,-101229.0,-0.93,Negative
PIDILITIND,2024,2724.0,-1769.0,-742.0,212.0,955.0,1.08,Positive
PNB,2024,-27939.0,-1506.0,3518.0,-25928.0,-29445.0,-5.56,Negative
POWERGRID,2024,37290.0,-13114.0,-25903.0,-1728.0,24176.0,0.96,Positive
RECLTD,2024,-57723.0,-1831.0,59588.0,34.0,-59554.0,-0.94,Negative
RELIANCE,2024,158788.0,-113581.0,-16646.0,28561.0,45207.0,1.22,Positive
SBILIFE,2024,29122.0,-31221.0,-227.0,-2327.0,-2099.0,0.93,Positive
SBIN,2024,21632.0,-3476.0,-9896.0,8260.0,18156.0,1.62,Positive
SHREECEM,2024,3347.0,-1418.0,-1710.0,220.0,1929.0,1.07,Positive
SHRIRAMFIN,2024,-31101.0,-258.0,27609.0,-3750.0,-31359.0,-1.12,Negative
SIEMENS,2024,1670.0,-502.0,-523.0,644.0,1168.0,1.63,Positive
SUNPHARMA,2024,12135.0,-763.0,-6710.0,4662.0,11372.0,1.62,Positive
TATACONSUM,2024,1937.0,-1911.0,256.0,281.0,26.0,0.89,Positive
TATAMOTORS,2024,67915.0,-22782.0,-37006.0,8128.0,45133.0,1.14,Positive
TATAPOWER,2024,12596.0,-9027.0,-4497.0,-928.0,3569.0,0.93,Positive
TATASTEEL,2024,20301.0,-14253.0,-11097.0,-5049.0,6048.0,0.8,Positive
TCS,2024,44338.0,6091.0,-48536.0,1893.0,50429.0,0.81,Positive
TECHM,2024,6376.0,-1318.0,-4767.0,291.0,5058.0,1.05,Positive
TITAN,2024,1695.0,-189.0,-1329.0,177.0,1506.0,1.12,Positive
TORNTPHARM,2024,3266.0,-160.0,-2780.0,327.0,3106.0,1.11,Positive
TRENT,2024,1349.0,-508.0,-629.0,211.0,841.0,1.19,Positive
TVSMOTOR,2024,-1253.0,-1001.0,2759.0,505.0,-2254.0,-0.33,Negative
ULTRACEMCO,2024,10898.0,-8789.0,-1926.0,183.0,2109.0,1.02,Positive
UNIONBANK,2024,19930.0,-1394.0,-11489.0,7047.0,18536.0,1.55,Positive
UNITDSPR,2024,1118.0,226.0,-407.0,937.0,1344.0,1.77,Positive
VEDL,2024,35654.0,-13676.0,-26092.0,-4114.0,21978.0,0.9,Positive
WIPRO,2024,17622.0,1144.0,-18257.0,509.0,18766.0,0.91,Positive
ZOMATO,2024,646.0,-348.0,-207.0,91.0,298.0,1.16,Positive
ZYDUSLIFE,2024,3228.0,-1492.0,-1810.0,-75.0,1736.0,0.98,Positive
