company_id,year,net_profit_margin,operating_profit_margin,roe,roce,roa,debt_to_equity,interest_coverage,asset_turnover,net_debt,debt_free,high_leverage_flag,revenue_cagr_3y,revenue_cagr_5y,revenue_cagr_10y,pat_cagr_3y,pat_cagr_5y,pat_cagr_10y,eps_cagr_3y,eps_cagr_5y,eps_cagr_10y,free_cash_flow,cashflow_quality,cashflow_status,broad_sector,pe_ratio,pb_ratio,dividend_yield_pct,roe_score,roce_score,npm_score,fcf_score,cash_quality_score,revenue_growth_score,pat_growth_score,debt_score,interest_score,composite_score
INDIGO,2024,11.852722628584695,76.29890862649484,892.568306010929,4953.540772532189,668.3306055646481,0.0185792349726775,22.61263972484953,56.38625204582652,-171,No,0,67.58,19.31,20.01,,120.69,32.93,,121.24,-34.88,9424.0,0.97,Positive,Consumer Discretionary,76.23,7.87,4.27,23.177088088870047,100.0,2.0464020494878823,18.35901724206586,27.927927927927925,51.303351475221994,100.0,98.88031118706634,0.5199662407190765,44.137804912913595
BAJAJHLDNG,2024,432.7262044653349,91.7743830787309,13.576787656460263,2.8134781808138465,11.302773131167417,0.0011613545449517,3764.5,0.0261199183560718,-64652,No,0,55.01,31.61,14.94,26.32,19.3,13.99,25.8,18.97,13.82,1469.0,1.01,Positive,Financials,37.73,9.38,3.37,0.0832609282779394,0.0,100.0,2.5206068570063316,31.53153153153153,86.53680893726725,14.905581200167859,99.93001026717492,100.0,41.92319098369474
HAL,2024,24.999177117277245,32.08913465652875,3816.582914572864,2590.993788819876,1687.7777777777776,0.6180904522613065,270.8837209302326,67.51333333333334,80,No,0,9.91,8.71,7.22,32.85,26.49,10.92,33.42,26.64,15.07,1814.0,0.98,Positive,Industrials,71.89,3.65,2.77,100.0,52.27878969605324,5.1060923674433125,3.207502090550711,28.82882882882883,20.93955886565454,20.939991607217795,62.75040571929662,7.120382865218584,32.5952834031074
TRENT,2024,11.935353535353537,15.927272727272726,36.30776794493609,22.33293248582718,20.622731080703712,0.4309242871189774,8.043478260869565,1.727869310248534,337,No,0,68.36,36.31,18.16,,73.11,,,69.52,,841.0,1.19,Positive,Consumer Discretionary,8.65,11.82,3.46,0.6804741197722326,0.3942744801816173,2.065633469306964,1.2702584318878667,47.747747747747745,100.0,60.06714225765841,74.03008766409948,0.13263745854681788,29.287997444990086
SUNPHARMA,2024,19.815658700538176,26.84289749881436,15.094161810671148,15.627194096293753,11.2650630655976,0.0514238145350024,58.33193277310925,0.5684929901064378,-11752,No,0,13.13,10.78,11.67,61.72,24.54,9.5,49.38,29.46,10.31,11372.0,1.62,Positive,Healthcare,37.9,6.71,3.88,0.12312704270973363,0.2588249191204685,3.8996864025284705,22.23748656074543,86.4864864864865,26.869091950730446,19.30339907679396,96.90091276966504,1.4695823398090389,28.803156668889628
TCS,2024,19.136712150207767,26.69068839692312,50.944313673485176,60.2081007004365,31.689259788825343,0.0886406082507266,87.09511568123393,1.6559406621205457,-23741,No,0,13.63,10.46,11.4,12.29,7.87,9.08,13.01,8.62,9.99,50429.0,0.81,Positive,Information Technology,78.69,6.08,1.62,1.065021467755749,1.1593169873264504,3.7416691828863256,100.0,13.513513513513518,25.95244915496992,5.31263113722199,94.65802022656315,2.234266610399753,28.116490793448097
IRCTC,2024,26.01873536299766,34.33255269320843,34.39628482972136,42.82674772036474,18.240026268264653,0.0185758513931888,82.73684210526316,0.7010343129207027,60,No,0,76.47,17.96,,81.12,29.17,,91.29,28.47,,667.0,1.42,Positive,Consumer Discretionary,60.44,5.74,1.08,0.6302535433942049,0.8082301278279815,5.343383151487446,0.9238243141002668,68.46846846846847,47.43626468060727,23.18925723877466,98.88051510052708,2.1183996265154827,25.83753250983449
SIEMENS,2024,12.221223021582734,13.9568345323741,17.698769290877124,17.7411102583781,10.743507648523655,0.0181676108614963,67.15,0.8790861298865568,278,No,0,19.0,11.19,7.61,35.65,19.85,16.25,34.84,19.64,16.15,1168.0,1.63,Positive,Industrials,33.32,9.25,3.69,0.1915581409775163,0.30152402243194076,2.132166396490235,1.9213156532473221,87.38738738738738,28.043540532798623,15.367184221569453,98.90511796264677,1.7040152718998107,25.58934192277797
UNITDSPR,2024,12.437063863616288,17.66628389718223,19.77250386181716,23.35499593826157,12.598425196850393,0.0372138744558348,29.05263157894737,1.0129742304939156,-380,No,0,11.66,3.92,0.75,57.26,15.53,,56.05,13.7,,1344.0,1.77,Positive,,,,,0.24604156517242548,0.4149191934058851,2.1824009395875725,2.2717317723888026,100.0,7.2185620166141495,11.741502308015106,97.75728338785787,0.6911767944777121,24.9521262434491
TATAMOTORS,2024,7.263066074788551,13.59538554282896,37.45613415294755,16.79050889790821,8.607629877598297,1.2631244259167669,6.530242339274985,1.1851234435931923,84291,No,0,20.58,7.72,6.52,,,8.51,,,6.95,45133.0,1.14,Positive,Consumer Discretionary,67.07,0.93,3.65,0.7106452535899157,0.28232277574734765,0.9782107943879407,89.45566041492454,43.243243243243235,18.103695216270406,11.17079311791859,23.877043854489926,0.09240728963149386,24.859964080721117
ONGC,2024,9.6552901947257,17.388518015001793,16.940398136885513,15.108995188179115,8.044955154739396,0.4544486308481917,11.361290955463998,0.8332173339682772,50974,No,0,24.86,7.0,13.01,38.79,10.97,7.91,44.22,10.2,6.39,42060.0,0.97,Positive,Energy,18.15,10.36,1.11,0.17163338403941994,0.24835779222568102,1.5349742156165862,83.33731533468722,27.927927927927925,16.04124892580922,7.914393621485523,72.61237888631919,0.22084324538294411,24.77592169971894
IOC,2024,5.559462717942377,9.743776019125344,23.53162465856491,18.915027923238775,8.941893540895371,0.7230954600718581,10.282324578099226,1.6084096601703397,67086,No,0,28.73,8.01,4.74,25.64,20.1,20.01,25.99,20.11,19.62,39635.0,1.0,Positive,Energy,28.61,4.24,1.25,0.3448053008207496,0.3252360468490416,0.5817161576733837,78.50913869310716,30.630630630630627,18.934402749928385,15.577003776751997,56.42221552629954,0.19215835957240923,24.21422246829247
INFY,2024,17.08075746730006,23.703390381987376,29.788006718416632,32.906970717802544,19.297162182032054,0.0948635889055336,87.52340425531915,1.129760329363329,-16264,No,0,15.22,13.2,11.85,10.56,11.24,9.43,11.87,12.47,10.6,20117.0,1.12,Positive,Information Technology,35.99,8.97,4.1,0.5091798174387578,0.607860032430476,3.2631687139683785,39.64878748058774,41.44144144144145,33.80120309366943,8.140998741082669,94.28298854024578,2.245652886283156,24.108426961216978
LTIM,2024,12.90931103415266,17.982937748120616,22.904386052552702,25.20711666440309,16.64609352309033,0.1034568888000799,31.93243243243243,1.289464130119082,-6673,No,0,42.13,30.33,21.86,33.25,24.78,16.5,11.77,12.24,-6.67,1752.0,0.92,Positive,Information Technology,64.52,2.38,4.43,0.3283258016979206,0.45233027699060874,2.2923111892761705,3.084060048580416,23.423423423423426,82.87023775422514,19.504825849769205,93.76510813385352,0.7677378072880052,21.662105174714842
HCLTECH,2024,14.293122742532727,22.015594151738192,23.01393141233172,27.05313357020305,15.867725188372422,0.0843502336551279,46.46112115732369,1.1101650405025958,-1379,No,0,13.4,12.71,13.08,12.04,9.19,9.18,12.26,9.41,9.69,15840.0,1.02,Positive,Information Technology,63.63,5.44,1.99,0.3312038972792266,0.48961806918845824,2.6143778947628555,31.133277585314378,32.432432432432435,32.39759381266112,6.420478388585817,94.91658224190185,1.1539906005105112,21.022730003111207
BPCL,2024,5.994201967046283,9.83790949444634,35.511337343822305,28.649200669564017,13.26907686075349,0.7218747934157467,11.355507351168956,2.213651947949293,27968,No,0,24.86,8.48,5.42,15.75,25.79,20.82,18.78,28.06,21.29,25415.0,1.0,Positive,Energy,68.15,0.72,1.15,0.6595494233861281,0.5218571121505303,0.6828968579498371,50.19710906701709,30.630630630630627,20.28072185620166,20.352496852706672,56.49577973931364,0.2206894852359581,20.658720079952634
DMART,2024,4.993207190533383,8.084427730414067,13.56294790886726,17.49611197511664,11.978084262233136,0.0316611402289014,73.29310344827586,2.398875873795579,485,No,0,28.13,20.48,26.91,32.14,22.97,31.74,31.89,22.74,29.24,278.0,1.05,Positive,Consumer Discretionary,72.53,11.71,1.94,0.08289731528260882,0.29657528927224935,0.44992651384262694,0.14932505077051725,35.135135135135144,54.654826697221424,17.98573227024759,98.09192226853483,1.8673328920155319,20.150432292153734
ATGL,2024,14.927374301675975,24.67039106145252,18.65921787709497,18.41541755888651,10.133495145631068,0.4349162011173184,10.504504504504505,0.6788531553398058,851,No,0,38.18,21.09,,13.0,23.88,,14.47,24.57,,203.0,1.15,Positive,Energy,56.96,5.76,0.51,0.216792097373675,0.3151443909236122,2.7619928548517434,0.0,44.144144144144136,56.40217702663993,18.749475451112044,73.78951255685158,0.19806512919195396,20.070146952550804
ITC,2024,29.282025230717128,37.0177518132814,27.851074395694365,32.63868466782516,22.61590775334045,0.0040667319849141,362.9625,0.7723477995509732,-30811,No,0,12.89,7.95,7.22,15.74,10.08,8.71,13.3,9.86,8.62,18742.0,0.85,Positive,Consumer Staples,47.85,3.24,4.26,0.4582906116288406,0.6024409084507834,6.102877387863593,36.91116154979493,17.117117117117115,18.762532225723287,7.16743600503567,99.75491594161954,9.568345395469702,19.73223759598777
LICI,2024,4.836600998148862,3.87474201090824,49.44710986501021,39.05035832114759,0.7696696436280568,0.0,371.9375,0.1591344094587576,-4976133,Yes,0,6.98,8.16,,139.62,73.18,,111.26,,,853.0,0.88,Positive,Financials,30.67,8.1,3.77,1.0256852907220615,0.7319506404983949,0.4134781732666244,1.2941504400111496,19.81981981981982,19.36407906044113,60.125891733109526,100.0,9.806950467463075,19.604910548912933
COALINDIA,2024,26.25628846856468,66.29380849329698,45.16982956605826,98.1670083918748,15.802850255846408,0.0788468512027076,11.24178180085755,0.6018691588785047,-587,No,0,16.49,7.4,7.26,43.29,16.43,9.48,42.68,16.85,9.78,13617.0,0.98,Positive,Materials,34.27,14.75,4.38,0.9133079015450617,1.9260509525510796,5.3986709812006834,26.707283080476245,28.82882882882883,17.18705242050988,12.496852706672264,95.2482469080914,0.21766603196358608,19.41985425040273
ASIANPAINT,2024,15.658543456824903,21.3692069305536,29.677488252883386,31.75172153570418,18.58800709006388,0.1321016659547202,41.00487804878049,1.187084044011906,-2114,No,0,17.8,13.03,11.25,20.12,20.28,15.97,19.98,20.97,15.93,3556.0,1.1,Positive,Materials,73.37,3.9,2.42,0.5062761553580852,0.5845250936747812,2.9321643019686094,6.675825269780591,39.639639639639654,33.31423660842165,15.728073856483427,92.03881334420286,1.0089335219893638,19.299477778818133
DIVISLAB,2024,20.39515615041428,28.17080943275972,11.78984599513669,13.49639015765434,10.34928848641656,0.0002210596124088,636.25,0.5074385510996119,-79,No,0,4.03,9.66,11.97,-6.92,3.41,7.55,-7.17,3.3,7.54,992.0,1.18,Positive,Healthcare,69.95,12.34,1.39,0.03631244127783371,0.21578469872556627,4.0345579557819224,1.5708995341058418,46.846846846846844,23.660842165568603,1.569450272765422,99.98667770899235,16.833836605763743,19.047339535757963
HINDUNILVR,2024,16.611735814915342,76.31672482874498,20.074973642078955,87.32306174338734,13.099924830230988,0.0289741887617634,57.847001223990205,0.7885945801322478,-3141,No,0,9.59,9.5,7.79,8.73,11.15,10.02,8.97,9.46,9.35,10145.0,1.01,Positive,Consumer Staples,34.51,11.88,4.32,0.253988382269984,1.7070135060558937,3.154009167571493,19.794528730139767,31.53153153153153,23.202520767688338,8.065463701216952,98.25385302096218,1.4566901807907204,18.900749516127384
MARUTI,2024,9.50809964894472,13.130031439890594,15.750385351954783,15.59092764270305,11.697772843960314,0.0013896025036199,117.90721649484536,1.230295566502463,-57177,No,0,26.32,10.51,12.28,45.39,12.01,16.8,43.56,11.14,16.39,4936.0,1.05,Positive,Consumer Discretionary,20.78,8.26,1.78,0.1403680657738544,0.2580923711242967,1.500717261529992,9.423406203958109,35.135135135135144,26.095674591807498,8.7872429710449,99.91625476613994,3.0534224357923803,18.116369478777436
WIPRO,2024,12.379679144385026,18.66310160427808,14.908832329303795,14.665157475988485,9.69557364604874,0.2209088591630553,15.444621513944224,0.7831845666570688,-16919,No,0,13.17,8.75,7.53,0.74,4.26,3.35,3.23,9.46,6.25,18766.0,0.91,Positive,,,,,0.11825786374601371,0.23939269102333777,2.1690452876905915,36.95894556604149,22.522522522522525,21.054139215124604,2.282836760386068,86.68679422771925,0.32940072525803227,18.076913613929293
ICICIGI,2024,9.366915605017816,87.42129155073948,15.7230643179025,145.22875816993462,3.031212484993997,0.0028676771814829,160.02678571428572,0.3236083907247109,-48549,No,0,18.99,12.91,16.76,9.22,12.84,13.95,6.82,11.14,12.51,486.0,1.06,Positive,Financials,49.0,7.86,3.46,0.13965025766640732,2.8766537020047966,1.4678582536032163,0.5634531915740851,36.03603603603604,32.97049556001145,9.483843894250946,99.82717770328361,4.173193226425745,18.05853740751131
DRREDDY,2024,19.9136053693192,28.321016743422227,19.74233736816026,21.361052353252248,14.383702939659615,0.0708572237559283,51.707602339181285,0.7223053120165034,-2928,No,0,13.72,12.64,7.64,41.91,23.39,11.01,42.82,23.84,11.28,509.0,1.03,Positive,Healthcare,11.73,10.19,0.09,0.2452489980361035,0.3746434224644246,3.922482394740899,0.6092462071437105,33.333333333333336,32.19707820108851,18.33822912295426,95.72974662994875,1.2934710484335206,17.951602717799336
ADANIPORTS,2024,30.339560480700836,58.36172363445772,15.3548827162833,11.44374462092168,6.926554927819896,0.937322369168972,5.949506037321624,0.2283010965905691,45181,No,0,28.63,19.58,18.65,17.08,14.91,16.62,14.98,14.87,16.86,8250.0,1.03,Positive,Industrials,48.9,2.31,1.16,0.1299769876814802,0.1743232039856992,6.349006895104867,16.02158244733803,33.333333333333336,52.076768834144936,11.221149811162402,43.51170150900322,0.07696811112043568,17.778398613264116
BAJAJ-AUTO,2024,17.178515712057056,19.53420993982616,26.61418410330778,27.207358942799765,19.59129727531517,0.0660175402251225,174.41666666666666,1.1404534363562424,-26175,No,0,17.38,8.13,8.34,16.64,9.36,8.59,18.0,10.18,8.96,6486.0,1.05,Positive,Consumer Discretionary,29.91,9.83,3.59,0.42579367618347397,0.4927332755698051,3.285920852595608,12.509457253215468,35.135135135135144,19.278143798338583,6.563155686109945,96.02141307991569,4.555755742372143,17.7646253788764
NESTLEIND,2024,16.12281708616873,23.829630236943512,117.75449101796409,143.14789687924016,37.37527321106148,0.1032934131736526,41.18620689655173,2.318160220469448,-119,No,0,18.28,14.55,9.49,22.91,14.85,12.75,23.06,15.44,13.07,2938.0,0.95,Positive,Consumer Staples,54.96,14.34,3.85,2.820331565685158,2.834622275772359,3.0402187990809035,5.44538685143153,26.12612612612612,37.66828988828416,11.17079311791859,93.77496009117938,1.0137542443043424,17.74322563047802
ABB,2024,20.53342451701145,24.84185330825782,32.46823465801568,36.541512427287145,23.127286732139417,0.0224384968910516,141.75,1.1263238975544,83,No,0,10.71,9.72,9.9,20.23,21.69,19.75,20.24,21.66,19.77,797.0,1.04,Positive,Industrials,75.58,4.48,0.96,0.5795976991766445,0.681274330843388,4.066738372404576,1.1826544021024967,34.234234234234236,23.832712689773704,16.91145614771297,98.64773043750701,3.6872953132040616,17.683631657452047
PIDILITIND,2024,14.108051360736493,21.868690947266412,20.780302129178065,26.93139151211742,14.466710831401125,0.0454383252051861,54.333333333333336,1.0254223252732693,-1853,No,0,19.3,11.84,11.2,15.77,13.49,14.53,15.62,13.56,14.22,955.0,1.08,Positive,Materials,36.12,12.3,1.01,0.2725195442122543,0.48715899497880555,2.5713045995637875,1.4972325090590533,37.837837837837846,29.90547121168719,10.029374737725556,97.26163189789528,1.363277481068048,17.67922804991946
ULTRACEMCO,2024,9.877587860326056,18.28989676764258,11.629142591485689,13.714732448241683,6.948619502564561,0.1893305439330544,13.983471074380166,0.7034733176582636,3154,No,0,16.6,11.33,13.09,8.64,23.89,12.21,8.74,22.53,11.75,2109.0,1.02,Positive,,,,,0.03209026557927544,0.22019500609265688,1.5867115122182303,3.7948472902480788,32.432432432432435,28.444571755943855,18.757868233319346,88.58988046061967,0.2905552761410037,17.034918262372635
GAIL,2024,7.433122166511544,10.743987750322754,12.86154006000234,10.772236337318176,7.939231170080571,0.2830499889606088,23.624478442280942,1.068088347296268,-116,No,0,32.42,11.83,7.99,17.25,8.61,7.54,18.56,8.45,7.92,4360.0,1.08,Positive,Energy,25.84,9.54,0.31,0.06446916063887204,0.16075937298313772,1.0177894486784733,8.276589814040538,37.837837837837846,29.876826124319678,5.933697020562316,82.9418215224544,0.5468665025595674,16.904886828747728
EICHERMOT,2024,24.19569424286405,26.179245283018872,22.172346910501524,20.20688908145581,17.309106640709494,0.0232197284566361,114.70588235294116,0.7153796236210254,-13108,No,0,23.78,11.04,6.59,43.75,12.68,19.01,43.9,12.51,20.3,890.0,1.01,Positive,Consumer Discretionary,15.62,13.61,4.41,0.3090928681959382,0.35133041806781196,4.919090710563158,1.3678174650579382,31.53153153153153,27.613864222285873,9.349559378934117,98.60064904553462,2.968313292237629,16.899860184573143
CIPLA,2024,16.11701714906495,75.59168153953597,15.554557028383137,67.603154227031,12.768573448498447,0.0209316258518684,35.33876811594203,0.7922417237881536,-4890,No,0,10.39,9.51,9.74,20.25,22.73,11.46,19.35,21.83,11.61,1152.0,0.99,Positive,Healthcare,59.75,5.93,0.12,0.13522304973754684,1.3086900609560972,3.0388689285575277,1.8894596424162784,29.72972972972973,23.231165855055856,17.78430549727235,98.73854293046423,0.8582970241122286,16.837179775560593
LT,2024,7.031246466738726,13.506668535997433,77.66510140873214,118.53411200144868,56.44423467905896,0.1034568888000799,3.5441547518923464,8.027628521638107,-6673,No,0,17.59,10.34,10.03,6.36,8.76,12.27,5.03,8.56,10.5,20445.0,0.66,Positive,Industrials,30.8,2.48,1.26,1.7670592470370419,2.337447145446053,0.9242573721270303,40.30183570262414,0.0,25.608708106559718,6.059588753671843,93.76510813385352,0.01302058837623445,16.83215380145519
TORNTPHARM,2024,15.436241610738255,31.3944817300522,24.15402567094516,23.533737819452107,11.416752843846949,0.5866394399066511,9.926553672316384,0.7396070320579111,3849,No,0,10.25,6.93,9.9,9.77,30.59,9.57,9.82,30.39,9.37,3106.0,1.11,Positive,Healthcare,46.4,6.43,1.22,0.361157701389296,0.4185296100288018,2.8804260324055146,5.779874965157488,40.54054054054055,15.840733314236605,24.381032312211502,64.64581996755462,0.18270000385235768,16.25939110980113
ADANIPOWER,2024,41.36759945184802,36.20186292228556,48.27674122146251,18.385823227581948,22.63800280407352,0.8023177656738903,8.297225501770956,0.5472399439185297,34242,No,0,24.29,16.09,12.63,154.07,,,162.07,,,17651.0,0.7,Positive,Energy,44.57,9.91,1.65,0.9949360848379524,0.3145466134750678,8.915659683130452,34.73897981125313,3.6036036036035974,42.07963334288169,11.17079311791859,51.64783544833318,0.1393834617427395,16.1534048543993
APOLLOHOSP,2024,4.905818773282963,12.56099480560365,13.480392156862743,13.913114353248025,5.5847568988173455,0.7688869665513264,5.565701559020044,1.1383944570541151,4347,No,0,21.75,14.66,15.9,89.68,36.13,11.49,84.69,29.95,10.6,383.0,1.04,Positive,Healthcare,47.72,7.68,3.22,0.08072832021485872,0.2242021325856206,0.42958783664319367,0.35838012184924145,34.234234234234236,37.98338584932684,29.030633655056654,53.66256274146526,0.06676446820383095,16.005687445011148
ZYDUSLIFE,2024,20.32536962193687,27.54386862434133,20.03530005042864,22.390229717941263,13.778872164805438,0.0405446293494705,70.08641975308642,0.6779149615037803,-416,No,0,10.71,8.22,10.47,22.06,15.91,16.87,21.86,16.12,16.86,1736.0,0.98,Positive,,,,,0.2529460342503722,0.39543182997503984,4.018315921422794,3.0522040377493727,28.82882882882883,19.535949584646232,12.060428031892574,97.55655343323312,1.782081527787047,15.936637922042747
POWERGRID,2024,33.97028990249329,86.87476823070044,17.870011245496066,12.689046909266978,6.208612241806171,1.4173456039290386,4.60298643565485,0.1827659481160471,119353,No,0,4.97,5.51,11.41,8.97,9.19,13.1,9.35,9.1,13.02,24176.0,0.96,Positive,Energy,64.39,5.1,3.09,0.19605719702075908,0.19947713015259083,7.194018580082686,47.73025922828813,27.027027027027025,11.773130908049266,6.420478388585817,14.582811449779328,0.04117018282002465,15.015200329585607
HAVELLS,2024,6.837009144701453,10.118343195266272,17.067275412917954,19.90967741935484,10.222794176787582,0.040687525177924,25.357142857142858,1.4952143489101584,283,No,0,21.14,13.04,8.73,6.78,10.03,11.04,5.57,9.0,11.07,335.0,0.91,Positive,Industrials,45.41,14.08,2.6,0.1749668426930202,0.3453270241333474,0.8790508068029569,0.2628120893561104,22.522522522522525,33.34288169578917,7.125472093999161,97.54794172985731,0.5929302928045237,14.988457851050352
HEROMOTOCO,2024,9.902352536452408,86.14676228532112,21.14243742584327,173.7066375307293,14.30810996826368,0.0342392225549466,47.26850507982584,1.4449202768324858,-12145,No,0,6.87,2.15,4.1,8.42,1.54,5.94,8.6,1.69,5.94,3095.0,1.08,Positive,Consumer Discretionary,53.86,12.6,1.91,0.2820339590562021,3.4518798792431804,1.592475213742187,5.757973957711146,37.837837837837846,2.148381552563735,0.0,97.93655258062573,1.1754553246280508,14.809022573554271
TITAN,2024,6.843630099444054,10.359408033826638,37.2192057915469,18.8916977649372,11.08187783307446,1.653145959757266,9.411954765751211,1.619298190002219,13183,No,0,33.14,20.9,16.68,53.11,20.27,16.88,52.48,19.51,17.16,1506.0,1.12,Positive,Consumer Discretionary,10.13,10.51,3.1,0.7044204123788514,0.3247647997591808,0.8805917600036075,2.5942738820531197,41.44144144144145,55.85792036665711,15.719681074276123,0.3721606401570199,0.16901912261016336,14.026513238241574
DABUR,2024,14.600128990648178,19.348597226701063,18.355969997972835,17.816757189920754,11.980682720296375,0.1383539428339752,23.241935483870968,0.8205874569992061,-5568,No,0,9.06,7.81,5.8,2.23,4.6,7.05,0.0,4.56,7.18,1042.0,0.94,Positive,Consumer Staples,50.95,13.59,3.42,0.20882483721128675,0.303052018765509,2.685830166987174,1.670449567952853,25.225225225225223,18.361501002578056,2.568191355434326,91.66201610323138,0.5366963978094871,13.41528971170181
NTPC,2024,11.950633329785267,28.82672926202094,13.273598407068633,8.86082631000827,4.450861504179203,1.475521125007778,4.604991464108609,0.3724372910920175,221246,No,0,16.97,12.22,8.59,12.53,8.74,6.46,11.87,8.45,5.76,8644.0,1.01,Positive,Energy,30.8,5.24,0.06,0.07529520849999682,0.12215070169779413,2.0691896706480426,16.806036714052482,31.53153153153153,30.993984531652817,6.042803189257239,11.076828548209761,0.04122348755078319,12.052608729375995
BOSCHLTD,2024,14.886112273569676,12.524660728164047,20.639920424403183,13.756919771957364,14.34745030250648,0.0032327586206896,71.7843137254902,0.9638144626908672,-5086,No,0,19.84,6.72,,72.87,9.28,,72.65,9.26,,1536.0,0.72,Positive,Consumer Discretionary,58.43,6.47,4.23,0.2688312824271468,0.2210471500546928,2.752389579078444,2.654003902361327,5.405405405405401,15.239186479518763,6.496013428451532,99.8051758499301,1.827220927622425,11.383125746627176
BRITANNIA,2024,12.725863199952292,18.88603971614288,54.14869322506978,47.735597735597736,23.522927689594358,0.5239786856127886,20.59756097560976,1.8484347442680773,-702,No,0,8.48,8.69,9.27,4.86,13.06,18.37,4.95,13.14,18.72,3050.0,0.78,Positive,Consumer Staples,63.91,4.26,1.88,1.1492104342884022,0.9073842464730105,2.2496157566303925,5.668378927248835,10.81081081081081,20.882268690919503,9.668485102811582,68.42210815681538,0.46639431759543615,11.195982743358577
MOTHERSON,2024,3.060025128683176,9.445547764763102,11.546549416937488,11.96258436964212,3.58763572429851,0.7616899254444657,5.224737713970182,1.1724203473591674,13401,No,0,19.82,9.21,12.49,24.39,7.56,10.66,25.99,5.92,7.18,925.0,0.96,Positive,Consumer Discretionary,9.54,2.38,2.18,0.029920287305501492,0.18480327525345855,0.0,1.437502488750846,27.027027027027025,22.371813234030363,5.052454888795635,54.09629676901948,0.05769976594252065,11.098707062069977
NHPC,2024,41.81893687707641,49.90656146179402,10.40773086662188,5.083984676480081,4.317394985905228,0.8413260296625498,11.24342105263158,0.1032401899310803,32082,No,0,-0.06,1.4,2.69,3.82,7.27,9.45,10.06,5.92,14.87,970.0,1.06,Positive,Energy,71.17,13.74,1.68,0.0,0.045862079663665,9.020703423348774,1.5270975192131564,36.03603603603604,0.0,4.809064204783886,49.2969788676238,0.21770961232988775,10.886744065113746
TATAPOWER,2024,6.965125551270159,17.469771680580646,13.227840276919272,8.076006740658958,3.0779409438060035,1.659321300531586,3.054392402331103,0.4419074604110633,37373,No,0,23.4,15.51,5.57,43.81,10.43,79.98,44.22,5.92,,3569.0,0.93,Positive,Energy,14.5,3.48,0.49,0.07409300082586649,0.10629809009778202,0.9088684682178025,6.701708278580814,24.32432432432433,40.418218275565735,7.461183382291231,0.0,0.0,9.568925338121304
